ID,category,xsection,kfactor,efficiency,name,group,subgroup
,Data,,,,physics_Main,Data,physics_Main
302449,Signal,0.020179,1.0,1.0,Pythia8EvtGen_A14NNPDF23LO_DCH300,DCH,DCH300
302450,Signal,0.0059727,1.0,1.0,Pythia8EvtGen_A14NNPDF23LO_DCH400,DCH,DCH400
302451,Signal,0.0021733,1.0,1.0,Pythia8EvtGen_A14NNPDF23LO_DCH500,DCH,DCH500
302452,Signal,0.00089447,1.0,1.0,Pythia8EvtGen_A14NNPDF23LO_DCH600,DCH,DCH600
302453,Signal,0.00040462,1.0,1.0,Pythia8EvtGen_A14NNPDF23LO_DCH700,DCH,DCH700
302454,Signal,0.00019397,1.0,1.0,Pythia8EvtGen_A14NNPDF23LO_DCH800,DCH,DCH800
302455,Signal,9.8716e-05,1.0,1.0,Pythia8EvtGen_A14NNPDF23LO_DCH900,DCH,DCH900
302456,Signal,5.2052e-05,1.0,1.0,Pythia8EvtGen_A14NNPDF23LO_DCH1000,DCH,DCH1000
302457,Signal,2.8246e-05,1.0,1.0,Pythia8EvtGen_A14NNPDF23LO_DCH1100,DCH,DCH1100
302458,Signal,1.5651e-05,1.0,1.0,Pythia8EvtGen_A14NNPDF23LO_DCH1200,DCH,DCH1200
302459,Signal,8.8774e-06,1.0,1.0,Pythia8EvtGen_A14NNPDF23LO_DCH1300,DCH,DCH1300
341177,Signal,0.5085,1.0,0.10554,aMcAtNloHerwigppEvtGen_UEEE5_CTEQ6L1_CT10ME_ttH125_dil,ttH,ttH_inc_dil
341270,Signal,0.5085,1.0,0.43929,aMcAtNloHerwigppEvtGen_UEEE5_CTEQ6L1_CT10ME_ttH125_semilep,ttH,ttH_inc_semil
341271,Signal,0.5085,1.0,0.45517,aMcAtNloHerwigppEvtGen_UEEE5_CTEQ6L1_CT10ME_ttH125_allhad,ttH,ttH_inc_allhad
342170,Signal,0.0536,1.0,0.0632,aMcAtNloHppEG_UE5_C6L1_CT10ME_ttH125_H2tau_dilep_hist,ttH,ttH_ditau_dil
342171,Signal,0.2234,1.0,0.0632,aMcAtNloHppEG_UE5_C6L1_CT10ME_ttH125_H2tau_semilep_hist,ttH,ttH_ditau_semil
342172,Signal,0.2315,1.0,0.0632,aMcAtNloHppEG_UE5_C6L1_CT10ME_ttH125_H2tau_allhad_hist,ttH,ttH_ditau_allhad
361063,Background,12.583,0.91,1.0,Sherpa_CT10_llll,Diboson,llll
361064,Background,1.8446,0.91,1.0,Sherpa_CT10_lllvSFMinus,Diboson,lllvSFMinus
361065,Background,3.6235,0.91,1.0,Sherpa_CT10_lllvOFMinus,Diboson,lllvOFMinus
361066,Background,2.5656,0.91,1.0,Sherpa_CT10_lllvSFPlus,Diboson,lllvSFPlus
361067,Background,5.0169,0.91,1.0,Sherpa_CT10_lllvOFPlus,Diboson,lllvOFPlus
361068,Background,14.022,0.91,1.0,Sherpa_CT10_llvv,Diboson,EWllnunu
361068,Background,14.022,0.91,1.0,Sherpa_CT10_llvv,Diboson,llvv
361069,Background,0.025765,0.91,1.0,Sherpa_CT10_llvvjj_ss_EW4,Diboson,llvvjj_ss_EW4
361069,Background,0.025765,0.91,1.0,Sherpa_CT10_llvvjj_ss_EW4,Diboson,QCDllssnunujj
361070,Background,0.043375,0.91,1.0,Sherpa_CT10_llvvjj_ss_EW6,Diboson,EWllssnunujj
361070,Background,0.043375,0.91,1.0,Sherpa_CT10_llvvjj_ss_EW6,Diboson,llvvjj_ss_EW6
361071,Background,0.042017,0.91,1.0,Sherpa_CT10_lllvjj_EW6,Diboson,EWlllnujj
361071,Background,0.042017,0.91,1.0,Sherpa_CT10_lllvjj_EW6,Diboson,lllvjj_EW6
361072,Background,0.1279,0.91,1.0,Sherpa_CT10_lllljj_EW6,Diboson,lllljj_EW6
361073,Background,0.020931,0.91,1.0,Sherpa_CT10_ggllll,Diboson,ggllll
361073,Background,0.02095,0.91,1.0,Sherpa_CT10_ggllll,Diboson,ggllll
361074,Background,0.016161,0.91,1.0,Sherpa_CT10_ggllll_M4l100,Diboson,ggllll_M4l100
361077,Background,0.85492,0.91,1.0,Sherpa_CT10_ggllvv,Diboson,ggllvv
361078,Background,0.3763,0.91,1.0,Sherpa_CT10_ggllvvNoHiggs,Diboson,ggllvvNoHiggs
361079,Background,0.53739,0.91,1.0,Sherpa_CT10_ggllvvOnlyHiggs,Diboson,ggllvvOnlyHiggs
361080,Background,0.050798,0.91,1.0,Sherpa_CT10_ggllvv_ZZcuts,Diboson,ggllvv_ZZcuts
361081,Background,25.995,0.91,1.0,Sherpa_CT10_WplvWmqq,Diboson,WplvWmqq
361081,Background,25.995,0.91,1.0,Sherpa_CT10_WplvWmqq,Diboson,WW
361082,Background,25.974,0.91,1.0169,Sherpa_CT10_WpqqWmlv,Diboson,WW
361082,Background,25.974,0.91,1.0,Sherpa_CT10_WpqqWmlv,Diboson,WpqqWmlv
361083,Background,12.543,0.91,1.0,Sherpa_CT10_WlvZqq,Diboson,WlvZqq
361083,Background,12.543,0.91,1.0,Sherpa_CT10_WlvZqq,Diboson,WZ
361084,Background,3.7583,0.91,1.0,Sherpa_CT10_WqqZll,Diboson,WqqZll
361084,Background,3.7583,0.91,1.0,Sherpa_CT10_WqqZll,Diboson,WZ
361085,Background,7.4151,0.91,1.0,Sherpa_CT10_WqqZvv,Diboson,WqqZvv
361085,Background,7.4151,0.91,1.0,Sherpa_CT10_WqqZvv,Diboson,WZ
361086,Background,16.59,0.91,0.14253,Sherpa_CT10_ZqqZll,Diboson,ZqqZll
361086,Background,16.59,0.91,0.14253,Sherpa_CT10_ZqqZll,Diboson,ZZ
361087,Background,16.492,0.91,0.28096,Sherpa_CT10_ZqqZvv,Diboson,ZqqZvv
361087,Background,16.492,0.91,0.28096,Sherpa_CT10_ZqqZvv,Diboson,ZZ
361100,Background,11306.0,1.0172,1.0,PowhegPythia8EvtGen_AZNLOCTEQ6L1_Wplusenu,PowhegPythiaW+jets,Wplusenu
361101,Background,11306.0,1.0172,1.0,PowhegPythia8EvtGen_AZNLOCTEQ6L1_Wplusmunu,PowhegPythiaW+jets,Wplusmunu
361102,Background,11306.0,1.0172,1.0,PowhegPythia8EvtGen_AZNLOCTEQ6L1_Wplustaunu,PowhegPythiaW+jets,Wplustaunu
361103,Background,8282.6,1.0358,1.0,PowhegPythia8EvtGen_AZNLOCTEQ6L1_Wminusenu,PowhegPythiaW+jets,Wminusenu
361104,Background,8282.6,1.0358,1.0,PowhegPythia8EvtGen_AZNLOCTEQ6L1_Wminusmunu,PowhegPythiaW+jets,Wminusmunu
361105,Background,8282.6,1.0358,1.0,PowhegPythia8EvtGen_AZNLOCTEQ6L1_Wminustaunu,PowhegPythiaW+jets,Wminustaunu
361106,Background,1901.2,1.026,1.0,PowhegPythia8EvtGen_AZNLOCTEQ6L1_Zee,Z+jets,ee
361107,Background,1901.2,1.026,1.0,PowhegPythia8EvtGen_AZNLOCTEQ6L1_Zmumu,Z+jets,mumu
361108,Background,1901.2,1.026,1.0,PowhegPythia8EvtGen_AZNLOCTEQ6L1_Ztautau,Z+jets,tautau
361300,Background,21282.0,0.890724,0.90824,Sherpa_CT10_Wenu_Pt0_70_CVetoBVeto,W+jetsCVetoBVeto,enu
361301,Background,21380.0,0.049290,0.90824,Sherpa_CT10_Wenu_Pt0_70_CFilterBVeto,W+jetsCFilterBVeto,enu
361302,Background,21387.0,0.059786,0.90824,Sherpa_CT10_Wenu_Pt0_70_BFilter,W+jetsBFilter,enu
361303,Background,633.43,0.728829,0.90824,Sherpa_CT10_Wenu_Pt70_140_CVetoBVeto,W+jetsCVetoBVeto,enu
361304,Background,631.29,0.176811,0.90824,Sherpa_CT10_Wenu_Pt70_140_CFilterBVeto,W+jetsCFilterBVeto,enu
361305,Background,626.26,0.096681,0.90824,Sherpa_CT10_Wenu_Pt70_140_BFilter,W+jetsBFilter,enu
361306,Background,90.131,0.681554,0.90824,Sherpa_CT10_Wenu_Pt140_280_CVetoBVeto,W+jetsCVetoBVeto,enu
361307,Background,89.902,0.205907,0.90824,Sherpa_CT10_Wenu_Pt140_280_CFilterBVeto,W+jetsCFilterBVeto,enu
361308,Background,90.042,0.112284,0.90824,Sherpa_CT10_Wenu_Pt140_280_BFilter,W+jetsBFilter,enu
361309,Background,6.5313,0.652724,0.90824,Sherpa_CT10_Wenu_Pt280_500_CVetoBVeto,W+jetsCVetoBVeto,enu
361310,Background,6.5434,0.221526,0.90824,Sherpa_CT10_Wenu_Pt280_500_CFilterBVeto,W+jetsCFilterBVeto,enu
361311,Background,6.5128,0.130994,0.90824,Sherpa_CT10_Wenu_Pt280_500_BFilter,W+jetsBFilter,enu
361312,Background,0.41774,0.631749,0.90824,Sherpa_CT10_Wenu_Pt500_700_CVetoBVeto,W+jetsCVetoBVeto,enu
361313,Background,0.40599,0.243561,0.90824,Sherpa_CT10_Wenu_Pt500_700_CFilterBVeto,W+jetsCFilterBVeto,enu
361314,Background,0.41765,0.155229,0.90824,Sherpa_CT10_Wenu_Pt500_700_BFilter,W+jetsBFilter,enu
361315,Background,0.073374,0.609620,0.90824,Sherpa_CT10_Wenu_Pt700_1000_CVetoBVeto,W+jetsCVetoBVeto,enu
361316,Background,0.082396,0.202801,0.90824,Sherpa_CT10_Wenu_Pt700_1000_CFilterBVeto,W+jetsCFilterBVeto,enu
361317,Background,0.079036,0.168701,0.90824,Sherpa_CT10_Wenu_Pt700_1000_BFilter,W+jetsBFilter,enu
361318,Background,0.011153,0.629245,0.90824,Sherpa_CT10_Wenu_Pt1000_2000_CVetoBVeto,W+jetsCVetoBVeto,enu
361319,Background,0.010415,0.237991,0.90824,Sherpa_CT10_Wenu_Pt1000_2000_CFilterBVeto,W+jetsCFilterBVeto,enu
361320,Background,0.010159,0.173096,0.90824,Sherpa_CT10_Wenu_Pt1000_2000_BFilter,W+jetsBFilter,enu
361321,Background,-2.0776e-06,0.638441,0.90824,Sherpa_CT10_Wenu_Pt2000_E_CMS_CVetoBVeto,W+jetsCVetoBVeto,enu
361322,Background,4.5592e-05,0.272781,0.90824,Sherpa_CT10_Wenu_Pt2000_E_CMS_CFilterBVeto,W+jetsCFilterBVeto,enu
361323,Background,5.5898e-05,0.165186,0.90824,Sherpa_CT10_Wenu_Pt2000_E_CMS_BFilter,W+jetsBFilter,enu
361324,Background,21392.0,0.892510,0.90824,Sherpa_CT10_Wmunu_Pt0_70_CVetoBVeto,W+jetsCVetoBVeto,munu
361325,Background,21380.0,0.047370,0.90824,Sherpa_CT10_Wmunu_Pt0_70_CFilterBVeto,W+jetsCFilterBVeto,munu
361326,Background,21371.0,0.059710,0.90824,Sherpa_CT10_Wmunu_Pt0_70_BFilter,W+jetsBFilter,munu
361327,Background,634.61,0.728418,0.90824,Sherpa_CT10_Wmunu_Pt70_140_CVetoBVeto,W+jetsCVetoBVeto,munu
361328,Background,631.72,0.175047,0.90824,Sherpa_CT10_Wmunu_Pt70_140_CFilterBVeto,W+jetsCFilterBVeto,munu
361329,Background,632.54,0.096687,0.90824,Sherpa_CT10_Wmunu_Pt70_140_BFilter,W+jetsBFilter,munu
361330,Background,89.788,0.684150,0.90824,Sherpa_CT10_Wmunu_Pt140_280_CVetoBVeto,W+jetsCVetoBVeto,munu
361331,Background,90.096,0.203512,0.90824,Sherpa_CT10_Wmunu_Pt140_280_CFilterBVeto,W+jetsCFilterBVeto,munu
361332,Background,90.322,0.112541,0.90824,Sherpa_CT10_Wmunu_Pt140_280_BFilter,W+jetsBFilter,munu
361333,Background,6.5147,0.653631,0.90824,Sherpa_CT10_Wmunu_Pt280_500_CVetoBVeto,W+jetsCVetoBVeto,munu
361334,Background,6.4669,0.222520,0.90824,Sherpa_CT10_Wmunu_Pt280_500_CFilterBVeto,W+jetsCFilterBVeto,munu
361335,Background,6.5767,0.130709,0.90824,Sherpa_CT10_Wmunu_Pt280_500_BFilter,W+jetsBFilter,munu
361336,Background,0.40872,0.631109,0.90824,Sherpa_CT10_Wmunu_Pt500_700_CVetoBVeto,W+jetsCVetoBVeto,munu
361337,Background,0.42067,0.239840,0.90824,Sherpa_CT10_Wmunu_Pt500_700_CFilterBVeto,W+jetsCFilterBVeto,munu
361338,Background,0.42374,0.163529,0.90824,Sherpa_CT10_Wmunu_Pt500_700_BFilter,W+jetsBFilter,munu
361339,Background,0.076219,0.632602,0.90824,Sherpa_CT10_Wmunu_Pt700_1000_CVetoBVeto,W+jetsCVetoBVeto,munu
361340,Background,0.076663,0.227699,0.90824,Sherpa_CT10_Wmunu_Pt700_1000_CFilterBVeto,W+jetsCFilterBVeto,munu
361341,Background,0.081099,0.160140,0.90824,Sherpa_CT10_Wmunu_Pt700_1000_BFilter,W+jetsBFilter,munu
361342,Background,0.010488,0.597890,0.90824,Sherpa_CT10_Wmunu_Pt1000_2000_CVetoBVeto,W+jetsCVetoBVeto,munu
361343,Background,0.0096847,0.236425,0.90824,Sherpa_CT10_Wmunu_Pt1000_2000_CFilterBVeto,W+jetsCFilterBVeto,munu
361344,Background,0.010382,0.159623,0.90824,Sherpa_CT10_Wmunu_Pt1000_2000_BFilter,W+jetsBFilter,munu
361345,Background,4.1826e-05,0.617928,0.90824,Sherpa_CT10_Wmunu_Pt2000_E_CMS_CVetoBVeto,W+jetsCVetoBVeto,munu
361346,Background,5.2097e-05,0.267917,0.90824,Sherpa_CT10_Wmunu_Pt2000_E_CMS_CFilterBVeto,W+jetsCFilterBVeto,munu
361347,Background,7.9217e-06,0.192802,0.90824,Sherpa_CT10_Wmunu_Pt2000_E_CMS_BFilter,W+jetsBFilter,munu
361348,Background,21386.0,0.891411,0.90824,Sherpa_CT10_Wtaunu_Pt0_70_CVetoBVeto,W+jetsCVetoBVeto,taunu
361349,Background,21378.0,0.048706,0.90824,Sherpa_CT10_Wtaunu_Pt0_70_CFilterBVeto,W+jetsCFilterBVeto,taunu
361350,Background,21386.0,0.059683,0.90824,Sherpa_CT10_Wtaunu_Pt0_70_BFilter,W+jetsBFilter,taunu
361351,Background,631.53,0.726079,0.90824,Sherpa_CT10_Wtaunu_Pt70_140_CVetoBVeto,W+jetsCVetoBVeto,taunu
361352,Background,634.44,0.176273,0.90824,Sherpa_CT10_Wtaunu_Pt70_140_CFilterBVeto,W+jetsCFilterBVeto,taunu
361353,Background,631.2,0.095733,0.90824,Sherpa_CT10_Wtaunu_Pt70_140_BFilter,W+jetsBFilter,taunu
361354,Background,90.227,0.683964,0.90824,Sherpa_CT10_Wtaunu_Pt140_280_CVetoBVeto,W+jetsCVetoBVeto,taunu
361355,Background,89.983,0.204983,0.90824,Sherpa_CT10_Wtaunu_Pt140_280_CFilterBVeto,W+jetsCFilterBVeto,taunu
361356,Background,89.974,0.113070,0.90824,Sherpa_CT10_Wtaunu_Pt140_280_BFilter,W+jetsBFilter,taunu
361357,Background,6.4488,0.647441,0.90824,Sherpa_CT10_Wtaunu_Pt280_500_CVetoBVeto,W+jetsCVetoBVeto,taunu
361358,Background,6.5992,0.218875,0.90824,Sherpa_CT10_Wtaunu_Pt280_500_CFilterBVeto,W+jetsCFilterBVeto,taunu
361359,Background,6.4523,0.132548,0.90824,Sherpa_CT10_Wtaunu_Pt280_500_BFilter,W+jetsBFilter,taunu
361360,Background,0.41485,0.628862,0.90824,Sherpa_CT10_Wtaunu_Pt500_700_CVetoBVeto,W+jetsCVetoBVeto,taunu
361361,Background,0.41469,0.230541,0.90824,Sherpa_CT10_Wtaunu_Pt500_700_CFilterBVeto,W+jetsCFilterBVeto,taunu
361362,Background,0.40957,0.159453,0.90824,Sherpa_CT10_Wtaunu_Pt500_700_BFilter,W+jetsBFilter,taunu
361363,Background,0.07929,0.627393,0.90824,Sherpa_CT10_Wtaunu_Pt700_1000_CVetoBVeto,W+jetsCVetoBVeto,taunu
361364,Background,0.07821,0.220035,0.90824,Sherpa_CT10_Wtaunu_Pt700_1000_CFilterBVeto,W+jetsCFilterBVeto,taunu
361365,Background,0.080632,0.155527,0.90824,Sherpa_CT10_Wtaunu_Pt700_1000_BFilter,W+jetsBFilter,taunu
361366,Background,0.010483,0.607110,0.90824,Sherpa_CT10_Wtaunu_Pt1000_2000_CVetoBVeto,W+jetsCVetoBVeto,taunu
361367,Background,0.010108,0.237999,0.90824,Sherpa_CT10_Wtaunu_Pt1000_2000_CFilterBVeto,W+jetsCFilterBVeto,taunu
361368,Background,0.010536,0.175976,0.90824,Sherpa_CT10_Wtaunu_Pt1000_2000_BFilter,W+jetsBFilter,taunu
361369,Background,4.5746e-05,0.545399,0.90824,Sherpa_CT10_Wtaunu_Pt2000_E_CMS_CVetoBVeto,W+jetsCVetoBVeto,taunu
361370,Background,4.9643e-05,0.242272,0.90824,Sherpa_CT10_Wtaunu_Pt2000_E_CMS_CFilterBVeto,W+jetsCFilterBVeto,taunu
361371,Background,4.8667e-05,0.196031,0.90824,Sherpa_CT10_Wtaunu_Pt2000_E_CMS_BFilter,W+jetsBFilter,taunu
361372,Background,2206.7,0.778989,0.9013,Sherpa_CT10_Zee_Pt0_70_CVetoBVeto,Z+jetsCVetoBVeto,ee
361373,Background,2205.8,0.142259,0.9013,Sherpa_CT10_Zee_Pt0_70_CFilterBVeto,Z+jetsCFilterBVeto,ee
361374,Background,2204.8,0.079669,0.9013,Sherpa_CT10_Zee_Pt0_70_BFilter,Z+jetsBFilter,ee
361375,Background,75.673,0.646932,0.9013,Sherpa_CT10_Zee_Pt70_140_CVetoBVeto,Z+jetsCVetoBVeto,ee
361376,Background,75.87,0.218226,0.9013,Sherpa_CT10_Zee_Pt70_140_CFilterBVeto,Z+jetsCFilterBVeto,ee
361377,Background,76.416,0.131146,0.9013,Sherpa_CT10_Zee_Pt70_140_BFilter,Z+jetsBFilter,ee
361378,Background,11.755,0.617229,0.9013,Sherpa_CT10_Zee_Pt140_280_CVetoBVeto,Z+jetsCVetoBVeto,ee
361379,Background,11.508,0.244908,0.9013,Sherpa_CT10_Zee_Pt140_280_CFilterBVeto,Z+jetsCFilterBVeto,ee
361380,Background,11.661,0.150367,0.9013,Sherpa_CT10_Zee_Pt140_280_BFilter,Z+jetsBFilter,ee
361381,Background,0.78842,0.588874,0.9013,Sherpa_CT10_Zee_Pt280_500_CVetoBVeto,Z+jetsCVetoBVeto,ee
361382,Background,0.84681,0.261732,0.9013,Sherpa_CT10_Zee_Pt280_500_CFilterBVeto,Z+jetsCFilterBVeto,ee
361383,Background,0.86361,0.156212,0.9013,Sherpa_CT10_Zee_Pt280_500_BFilter,Z+jetsBFilter,ee
361384,Background,0.051808,0.577255,0.9013,Sherpa_CT10_Zee_Pt500_700_CVetoBVeto,Z+jetsCVetoBVeto,ee
361385,Background,0.053763,0.271427,0.9013,Sherpa_CT10_Zee_Pt500_700_CFilterBVeto,Z+jetsCFilterBVeto,ee
361386,Background,0.056362,0.168468,0.9013,Sherpa_CT10_Zee_Pt500_700_BFilter,Z+jetsBFilter,ee
361387,Background,0.010377,0.566055,0.9013,Sherpa_CT10_Zee_Pt700_1000_CVetoBVeto,Z+jetsCVetoBVeto,ee
361388,Background,0.010064,0.300167,0.9013,Sherpa_CT10_Zee_Pt700_1000_CFilterBVeto,Z+jetsCFilterBVeto,ee
361389,Background,0.010301,0.182922,0.9013,Sherpa_CT10_Zee_Pt700_1000_BFilter,Z+jetsBFilter,ee
361390,Background,0.001356,0.536884,0.9013,Sherpa_CT10_Zee_Pt1000_2000_CVetoBVeto,Z+jetsCVetoBVeto,ee
361391,Background,0.0014825,0.309836,0.9013,Sherpa_CT10_Zee_Pt1000_2000_CFilterBVeto,Z+jetsCFilterBVeto,ee
361392,Background,0.0013407,0.191868,0.9013,Sherpa_CT10_Zee_Pt1000_2000_BFilter,Z+jetsBFilter,ee
361393,Background,6.1317e-06,0.519728,0.9013,Sherpa_CT10_Zee_Pt2000_E_CMS_CVetoBVeto,Z+jetsCVetoBVeto,ee
361394,Background,7.7689e-06,0.393222,0.9013,Sherpa_CT10_Zee_Pt2000_E_CMS_CFilterBVeto,Z+jetsCFilterBVeto,ee
361395,Background,9.3603e-06,0.222083,0.9013,Sherpa_CT10_Zee_Pt2000_E_CMS_BFilter,Z+jetsBFilter,ee
361396,Background,2205.7,0.778381,0.9013,Sherpa_CT10_Zmumu_Pt0_70_CVetoBVeto,Z+jetsCVetoBVeto,mumu
361397,Background,2205.5,0.141881,0.9013,Sherpa_CT10_Zmumu_Pt0_70_CFilterBVeto,Z+jetsCFilterBVeto,mumu
361398,Background,2202.8,0.079624,0.9013,Sherpa_CT10_Zmumu_Pt0_70_BFilter,Z+jetsBFilter,mumu
361399,Background,75.889,0.649106,0.9013,Sherpa_CT10_Zmumu_Pt70_140_CVetoBVeto,Z+jetsCVetoBVeto,mumu
361400,Background,76.179,0.219295,0.9013,Sherpa_CT10_Zmumu_Pt70_140_CFilterBVeto,Z+jetsCFilterBVeto,mumu
361401,Background,75.957,0.130293,0.9013,Sherpa_CT10_Zmumu_Pt70_140_BFilter,Z+jetsBFilter,mumu
361402,Background,11.621,0.610026,0.9013,Sherpa_CT10_Zmumu_Pt140_280_CVetoBVeto,Z+jetsCVetoBVeto,mumu
361403,Background,11.623,0.241249,0.9013,Sherpa_CT10_Zmumu_Pt140_280_CFilterBVeto,Z+jetsCFilterBVeto,mumu
361404,Background,11.675,0.148024,0.9013,Sherpa_CT10_Zmumu_Pt140_280_BFilter,Z+jetsBFilter,mumu
361405,Background,0.86315,0.580841,0.9013,Sherpa_CT10_Zmumu_Pt280_500_CVetoBVeto,Z+jetsCVetoBVeto,mumu
361406,Background,0.86721,0.272103,0.9013,Sherpa_CT10_Zmumu_Pt280_500_CFilterBVeto,Z+jetsCFilterBVeto,mumu
361407,Background,0.86299,0.163024,0.9013,Sherpa_CT10_Zmumu_Pt280_500_BFilter,Z+jetsBFilter,mumu
361408,Background,0.054434,0.566372,0.9013,Sherpa_CT10_Zmumu_Pt500_700_CVetoBVeto,Z+jetsCVetoBVeto,mumu
361409,Background,0.056231,0.265874,0.9013,Sherpa_CT10_Zmumu_Pt500_700_CFilterBVeto,Z+jetsCFilterBVeto,mumu
361410,Background,0.054956,0.176439,0.9013,Sherpa_CT10_Zmumu_Pt500_700_BFilter,Z+jetsBFilter,mumu
361411,Background,0.0084073,0.561305,0.9013,Sherpa_CT10_Zmumu_Pt700_1000_CVetoBVeto,Z+jetsCVetoBVeto,mumu
361412,Background,0.0098594,0.288730,0.9013,Sherpa_CT10_Zmumu_Pt700_1000_CFilterBVeto,Z+jetsCFilterBVeto,mumu
361413,Background,0.010204,0.178631,0.9013,Sherpa_CT10_Zmumu_Pt700_1000_BFilter,Z+jetsBFilter,mumu
361414,Background,0.0012484,0.549132,0.9013,Sherpa_CT10_Zmumu_Pt1000_2000_CVetoBVeto,Z+jetsCVetoBVeto,mumu
361415,Background,0.0013946,0.282508,0.9013,Sherpa_CT10_Zmumu_Pt1000_2000_CFilterBVeto,Z+jetsCFilterBVeto,mumu
361416,Background,0.0014081,0.198009,0.9013,Sherpa_CT10_Zmumu_Pt1000_2000_BFilter,Z+jetsBFilter,mumu
361417,Background,6.6745e-06,0.597261,0.9013,Sherpa_CT10_Zmumu_Pt2000_E_CMS_CVetoBVeto,Z+jetsCVetoBVeto,mumu
361418,Background,6.7807e-06,0.325784,0.9013,Sherpa_CT10_Zmumu_Pt2000_E_CMS_CFilterBVeto,Z+jetsCFilterBVeto,mumu
361419,Background,1.2968e-05,0.246649,0.9013,Sherpa_CT10_Zmumu_Pt2000_E_CMS_BFilter,Z+jetsBFilter,mumu
361420,Background,2196.5,0.778140,0.9013,Sherpa_CT10_Ztautau_Pt0_70_CVetoBVeto,Z+jetsCVetoBVeto,tautau
361421,Background,2204.1,0.142335,0.9013,Sherpa_CT10_Ztautau_Pt0_70_CFilterBVeto,Z+jetsCFilterBVeto,tautau
361422,Background,2205.1,0.079215,0.9013,Sherpa_CT10_Ztautau_Pt0_70_BFilter,Z+jetsBFilter,tautau
361423,Background,76.322,0.647945,0.9013,Sherpa_CT10_Ztautau_Pt70_140_CVetoBVeto,Z+jetsCVetoBVeto,tautau
361424,Background,76.004,0.222003,0.9013,Sherpa_CT10_Ztautau_Pt70_140_CFilterBVeto,Z+jetsCFilterBVeto,tautau
361425,Background,76.369,0.131225,0.9013,Sherpa_CT10_Ztautau_Pt70_140_BFilter,Z+jetsBFilter,tautau
361426,Background,11.569,0.614503,0.9013,Sherpa_CT10_Ztautau_Pt140_280_CVetoBVeto,Z+jetsCVetoBVeto,tautau
361427,Background,11.649,0.241705,0.9013,Sherpa_CT10_Ztautau_Pt140_280_CFilterBVeto,Z+jetsCFilterBVeto,tautau
361428,Background,11.612,0.142080,0.9013,Sherpa_CT10_Ztautau_Pt140_280_BFilter,Z+jetsBFilter,tautau
361429,Background,0.86973,0.581019,0.9013,Sherpa_CT10_Ztautau_Pt280_500_CVetoBVeto,Z+jetsCVetoBVeto,tautau
361430,Background,0.8702,0.255775,0.9013,Sherpa_CT10_Ztautau_Pt280_500_CFilterBVeto,Z+jetsCFilterBVeto,tautau
361431,Background,0.87514,0.158859,0.9013,Sherpa_CT10_Ztautau_Pt280_500_BFilter,Z+jetsBFilter,tautau
361432,Background,0.055806,0.563903,0.9013,Sherpa_CT10_Ztautau_Pt500_700_CVetoBVeto,Z+jetsCVetoBVeto,tautau
361433,Background,0.055075,0.270431,0.9013,Sherpa_CT10_Ztautau_Pt500_700_CFilterBVeto,Z+jetsCFilterBVeto,tautau
361434,Background,0.055147,0.170454,0.9013,Sherpa_CT10_Ztautau_Pt500_700_BFilter,Z+jetsBFilter,tautau
361435,Background,0.0095143,0.560184,0.9013,Sherpa_CT10_Ztautau_Pt700_1000_CVetoBVeto,Z+jetsCVetoBVeto,tautau
361436,Background,0.009874,0.298414,0.9013,Sherpa_CT10_Ztautau_Pt700_1000_CFilterBVeto,Z+jetsCFilterBVeto,tautau
361437,Background,0.010477,0.180118,0.9013,Sherpa_CT10_Ztautau_Pt700_1000_BFilter,Z+jetsBFilter,tautau
361438,Background,0.0013544,0.563610,0.9013,Sherpa_CT10_Ztautau_Pt1000_2000_CVetoBVeto,Z+jetsCVetoBVeto,tautau
361439,Background,0.0012609,0.348277,0.9013,Sherpa_CT10_Ztautau_Pt1000_2000_CFilterBVeto,Z+jetsCFilterBVeto,tautau
361440,Background,0.0013549,0.168462,0.9013,Sherpa_CT10_Ztautau_Pt1000_2000_BFilter,Z+jetsBFilter,tautau
361441,Background,6.1133e-06,0.595406,0.9013,Sherpa_CT10_Ztautau_Pt2000_E_CMS_CVetoBVeto,Z+jetsCVetoBVeto,tautau
361442,Background,6.4979e-06,0.359953,0.9013,Sherpa_CT10_Ztautau_Pt2000_E_CMS_CFilterBVeto,Z+jetsCFilterBVeto,tautau
361443,Background,9.7572e-06,0.250846,0.9013,Sherpa_CT10_Ztautau_Pt2000_E_CMS_BFilter,Z+jetsBFilter,tautau
361469,Background,2252.9,0.047153,1.0,Sherpa_CT10_Zee_Mll10to40_Pt0_70_BFilter,Z+jetsBFilter,ee
361471,Background,7.8015,0.099233,1.0,Sherpa_CT10_Zee_Mll10to40_Pt70_140_BFilter,Z+jetsBFilter,ee
361473,Background,0.7067,0.10501,1.0,Sherpa_CT10_Zee_Mll10to40_Pt140_400_BFilter,Z+jetsBFilter,ee
361477,Background,2250.0,0.047277,1.0,Sherpa_CT10_Zmumu_Mll10to40_Pt0_70_BFilter,Z+jetsBFilter,mumu
361479,Background,7.784,0.10194,1.0,Sherpa_CT10_Zmumu_Mll10to40_Pt70_140_BFilter,Z+jetsBFilter,mumu
361481,Background,0.70704,0.11674,1.0,Sherpa_CT10_Zmumu_Mll10to40_Pt140_400_BFilter,Z+jetsBFilter,mumu
361485,Background,2254.2,0.046987,1.0,Sherpa_CT10_Ztautau_Mll10to40_Pt0_70_BFilter,Z+jetsBFilter,tautau
361487,Background,7.8242,0.10367,1.0,Sherpa_CT10_Ztautau_Mll10to40_Pt70_140_BFilter,Z+jetsBFilter,tautau
361489,Background,0.70682,0.11787,1.0,Sherpa_CT10_Ztautau_Mll10to40_Pt140_400_BFilter,Z+jetsBFilter,tautau
361500,Background,1401.6,1.232,1.0,MadGraphPythia8EvtGen_A14NNPDF23LO_Zee_Np0,MadGraphZ+jets,ee
361501,Background,211.99,1.232,1.0,MadGraphPythia8EvtGen_A14NNPDF23LO_Zee_Np1,MadGraphZ+jets,ee
361502,Background,67.305,1.232,1.0,MadGraphPythia8EvtGen_A14NNPDF23LO_Zee_Np2,MadGraphZ+jets,ee
361503,Background,18.679,1.232,1.0,MadGraphPythia8EvtGen_A14NNPDF23LO_Zee_Np3,MadGraphZ+jets,ee
361504,Background,7.291,1.232,1.0,MadGraphPythia8EvtGen_A14NNPDF23LO_Zee_Np4,MadGraphZ+jets,ee
361505,Background,1402.0,1.232,1.0,MadGraphPythia8EvtGen_A14NNPDF23LO_Zmumu_Np0,MadGraphZ+jets,mumu
361506,Background,211.95,1.232,1.0,MadGraphPythia8EvtGen_A14NNPDF23LO_Zmumu_Np1,MadGraphZ+jets,mumu
361507,Background,67.353,1.232,1.0,MadGraphPythia8EvtGen_A14NNPDF23LO_Zmumu_Np2,MadGraphZ+jets,mumu
361508,Background,18.633,1.232,1.0,MadGraphPythia8EvtGen_A14NNPDF23LO_Zmumu_Np3,MadGraphZ+jets,mumu
361509,Background,7.3013,1.232,1.0,MadGraphPythia8EvtGen_A14NNPDF23LO_Zmumu_Np4,MadGraphZ+jets,mumu
361510,Background,1397.8,1.232,1.0,MadGraphPythia8EvtGen_A14NNPDF23LO_Ztautau_Np0,MadGraphZ+jets,tautau
361511,Background,211.4,1.232,1.0,MadGraphPythia8EvtGen_A14NNPDF23LO_Ztautau_Np1,MadGraphZ+jets,tautau
361512,Background,67.176,1.232,1.0,MadGraphPythia8EvtGen_A14NNPDF23LO_Ztautau_Np2,MadGraphZ+jets,tautau
361513,Background,18.609,1.232,1.0,MadGraphPythia8EvtGen_A14NNPDF23LO_Ztautau_Np3,MadGraphZ+jets,tautau
361514,Background,7.2749,1.232,1.0,MadGraphPythia8EvtGen_A14NNPDF23LO_Ztautau_Np4,MadGraphZ+jets,tautau
361520,Background,13939.0,1.2019,1.0,MadGraphPythia8EvtGen_A14NNPDF23LO_Wenu_Np0,MadGraphW+jets,enu
361521,Background,1894.0,1.2019,1.0,MadGraphPythia8EvtGen_A14NNPDF23LO_Wenu_Np1,MadGraphW+jets,enu
361522,Background,642.66,1.2019,1.0,MadGraphPythia8EvtGen_A14NNPDF23LO_Wenu_Np2,MadGraphW+jets,enu
361523,Background,179.18,1.2019,1.0,MadGraphPythia8EvtGen_A14NNPDF23LO_Wenu_Np3,MadGraphW+jets,enu
361524,Background,70.791,1.2019,1.0,MadGraphPythia8EvtGen_A14NNPDF23LO_Wenu_Np4,MadGraphW+jets,enu
361525,Background,13935.0,1.2019,1.0,MadGraphPythia8EvtGen_A14NNPDF23LO_Wmunu_Np0,MadGraphW+jets,munu
361526,Background,1893.3,1.2019,1.0,MadGraphPythia8EvtGen_A14NNPDF23LO_Wmunu_Np1,MadGraphW+jets,munu
361527,Background,642.7,1.2019,1.0,MadGraphPythia8EvtGen_A14NNPDF23LO_Wmunu_Np2,MadGraphW+jets,munu
361528,Background,179.19,1.2019,1.0,MadGraphPythia8EvtGen_A14NNPDF23LO_Wmunu_Np3,MadGraphW+jets,munu
361530,Background,13920.0,1.2019,1.0,MadGraphPythia8EvtGen_A14NNPDF23LO_Wtaunu_Np0,MadGraphW+jets,taunu
361531,Background,1891.9,1.2019,1.0,MadGraphPythia8EvtGen_A14NNPDF23LO_Wtaunu_Np1,MadGraphW+jets,taunu
361532,Background,641.87,1.2019,1.0,MadGraphPythia8EvtGen_A14NNPDF23LO_Wtaunu_Np2,MadGraphW+jets,taunu
361533,Background,179.21,1.2019,1.0,MadGraphPythia8EvtGen_A14NNPDF23LO_Wtaunu_Np3,MadGraphW+jets,taunu
361534,Background,71.05,1.2019,1.0,MadGraphPythia8EvtGen_A14NNPDF23LO_Wtaunu_Np4,MadGraphW+jets,taunu
361600,Background,10.631,1.0,1.0,PowhegPy8EG_CT10nloME_AZNLOCTEQ6L1_WWlvlv,PowhegDiboson,WW
361601,Background,4.4625,1.0,1.0,PowhegPy8EG_CT10nloME_AZNLOCTEQ6L1_WZlvll_mll4,PowhegDiboson,WZ
361604,Background,0.92498,1.0,1.0,PowhegPy8EG_CT10nloME_AZNLOCTEQ6L1_ZZvvll_mll4,PowhegDiboson,ZZ
361610,Background,2.2739,1.0,1.0,PowhegPy8EG_CT10nloME_AZNLOCTEQ6L1_ZZqqll_mqq20mll20,PowhegDiboson,ZZ
407100,Background,2015.8,0.76987,1.0,Sherpa_CT10_Zee_LO_Pt0_70_CVetoBVeto,Z+jetsCVetoBVeto,ee
407101,Background,2015.5,0.14309,1.0,Sherpa_CT10_Zee_LO_Pt0_70_CFilterBVeto,Z+jetsCFilterBVeto,ee
407102,Background,2015.2,0.086403,1.0,Sherpa_CT10_Zee_LO_Pt0_70_BFilter,Z+jetsBFilter,ee
407103,Background,67.273,0.63535,1.0,Sherpa_CT10_Zee_LO_Pt70_140_CVetoBVeto,Z+jetsCVetoBVeto,ee
407104,Background,67.274,0.22547,1.0,Sherpa_CT10_Zee_LO_Pt70_140_CFilterBVeto,Z+jetsCFilterBVeto,ee
407105,Background,67.357,0.13931,1.0,Sherpa_CT10_Zee_LO_Pt70_140_BFilter,Z+jetsBFilter,ee
407106,Background,10.669,0.61372,1.0,Sherpa_CT10_Zee_LO_Pt140_280_CVetoBVeto,Z+jetsCVetoBVeto,ee
407107,Background,10.644,0.23973,1.0,Sherpa_CT10_Zee_LO_Pt140_280_CFilterBVeto,Z+jetsCFilterBVeto,ee
407108,Background,10.642,0.14572,1.0,Sherpa_CT10_Zee_LO_Pt140_280_BFilter,Z+jetsBFilter,ee
407109,Background,0.78024,0.59131,1.0,Sherpa_CT10_Zee_LO_Pt280_500_CVetoBVeto,Z+jetsCVetoBVeto,ee
407110,Background,0.77752,0.2572,1.0,Sherpa_CT10_Zee_LO_Pt280_500_CFilterBVeto,Z+jetsCFilterBVeto,ee
407111,Background,0.77903,0.1511,1.0,Sherpa_CT10_Zee_LO_Pt280_500_BFilter,Z+jetsBFilter,ee
407112,Background,0.048576,0.57328,1.0,Sherpa_CT10_Zee_LO_Pt500_700_CVetoBVeto,Z+jetsCVetoBVeto,ee
407113,Background,0.048759,0.2698,1.0,Sherpa_CT10_Zee_LO_Pt500_700_CFilterBVeto,Z+jetsCFilterBVeto,ee
407114,Background,0.048644,0.15608,1.0,Sherpa_CT10_Zee_LO_Pt500_700_BFilter,Z+jetsBFilter,ee
407115,Background,0.0087722,0.56077,1.0,Sherpa_CT10_Zee_LO_Pt700_1000_CVetoBVeto,Z+jetsCVetoBVeto,ee
407116,Background,0.0087418,0.27605,1.0,Sherpa_CT10_Zee_LO_Pt700_1000_CFilterBVeto,Z+jetsCFilterBVeto,ee
407117,Background,0.00874,0.16008,1.0,Sherpa_CT10_Zee_LO_Pt700_1000_BFilter,Z+jetsBFilter,ee
407118,Background,0.0011849,0.55239,1.0,Sherpa_CT10_Zee_LO_Pt1000_E_CMS_CVetoBVeto,Z+jetsCVetoBVeto,ee
407119,Background,0.0011946,0.28577,1.0,Sherpa_CT10_Zee_LO_Pt1000_E_CMS_CFilterBVeto,Z+jetsCFilterBVeto,ee
407120,Background,0.0011871,0.16385,1.0,Sherpa_CT10_Zee_LO_Pt1000_E_CMS_BFilter,Z+jetsBFilter,ee
407121,Background,2015.4,0.76957,1.0,Sherpa_CT10_Zmumu_LO_Pt0_70_CVetoBVeto,Z+jetsCVetoBVeto,mumu
407122,Background,2014.5,0.14305,1.0,Sherpa_CT10_Zmumu_LO_Pt0_70_CFilterBVeto,Z+jetsCFilterBVeto,mumu
407123,Background,2015.2,0.086335,1.0,Sherpa_CT10_Zmumu_LO_Pt0_70_BFilter,Z+jetsBFilter,mumu
407124,Background,67.328,0.63491,1.0,Sherpa_CT10_Zmumu_LO_Pt70_140_CVetoBVeto,Z+jetsCVetoBVeto,mumu
407125,Background,67.338,0.22512,1.0,Sherpa_CT10_Zmumu_LO_Pt70_140_CFilterBVeto,Z+jetsCFilterBVeto,mumu
407126,Background,67.323,0.13944,1.0,Sherpa_CT10_Zmumu_LO_Pt70_140_BFilter,Z+jetsBFilter,mumu
407127,Background,10.655,0.61347,1.0,Sherpa_CT10_Zmumu_LO_Pt140_280_CVetoBVeto,Z+jetsCVetoBVeto,mumu
407128,Background,10.651,0.24204,1.0,Sherpa_CT10_Zmumu_LO_Pt140_280_CFilterBVeto,Z+jetsCFilterBVeto,mumu
407129,Background,10.658,0.1451,1.0,Sherpa_CT10_Zmumu_LO_Pt140_280_BFilter,Z+jetsBFilter,mumu
407130,Background,0.77951,0.59045,1.0,Sherpa_CT10_Zmumu_LO_Pt280_500_CVetoBVeto,Z+jetsCVetoBVeto,mumu
407131,Background,0.77731,0.25731,1.0,Sherpa_CT10_Zmumu_LO_Pt280_500_CFilterBVeto,Z+jetsCFilterBVeto,mumu
407132,Background,0.77937,0.15126,1.0,Sherpa_CT10_Zmumu_LO_Pt280_500_BFilter,Z+jetsBFilter,mumu
407133,Background,0.048752,0.57288,1.0,Sherpa_CT10_Zmumu_LO_Pt500_700_CVetoBVeto,Z+jetsCVetoBVeto,mumu
407134,Background,0.048568,0.27057,1.0,Sherpa_CT10_Zmumu_LO_Pt500_700_CFilterBVeto,Z+jetsCFilterBVeto,mumu
407135,Background,0.048645,0.15689,1.0,Sherpa_CT10_Zmumu_LO_Pt500_700_BFilter,Z+jetsBFilter,mumu
407136,Background,0.0087842,0.56104,1.0,Sherpa_CT10_Zmumu_LO_Pt700_1000_CVetoBVeto,Z+jetsCVetoBVeto,mumu
407137,Background,0.0087928,0.27877,1.0,Sherpa_CT10_Zmumu_LO_Pt700_1000_CFilterBVeto,Z+jetsCFilterBVeto,mumu
407138,Background,0.008789,0.1584,1.0,Sherpa_CT10_Zmumu_LO_Pt700_1000_BFilter,Z+jetsBFilter,mumu
407139,Background,0.0011822,0.5536,1.0,Sherpa_CT10_Zmumu_LO_Pt1000_E_CMS_CVetoBVeto,Z+jetsCVetoBVeto,mumu
407140,Background,0.0011869,0.29025,1.0,Sherpa_CT10_Zmumu_LO_Pt1000_E_CMS_CFilterBVeto,Z+jetsCFilterBVeto,mumu
407141,Background,0.0011847,0.16236,1.0,Sherpa_CT10_Zmumu_LO_Pt1000_E_CMS_BFilter,Z+jetsBFilter,mumu
407142,Background,2015.2,0.76927,1.0,Sherpa_CT10_Ztautau_LO_Pt0_70_CVetoBVeto,Z+jetsCVetoBVeto,tautau
407143,Background,2015.4,0.14313,1.0,Sherpa_CT10_Ztautau_LO_Pt0_70_CFilterBVeto,Z+jetsCFilterBVeto,tautau
407144,Background,2015.1,0.086399,1.0,Sherpa_CT10_Ztautau_LO_Pt0_70_BFilter,Z+jetsBFilter,tautau
407145,Background,67.307,0.63571,1.0,Sherpa_CT10_Ztautau_LO_Pt70_140_CVetoBVeto,Z+jetsCVetoBVeto,tautau
407146,Background,67.388,0.22554,1.0,Sherpa_CT10_Ztautau_LO_Pt70_140_CFilterBVeto,Z+jetsCFilterBVeto,tautau
407147,Background,67.331,0.13889,1.0,Sherpa_CT10_Ztautau_LO_Pt70_140_BFilter,Z+jetsBFilter,tautau
407148,Background,10.639,0.61364,1.0,Sherpa_CT10_Ztautau_LO_Pt140_280_CVetoBVeto,Z+jetsCVetoBVeto,tautau
407149,Background,10.628,0.24064,1.0,Sherpa_CT10_Ztautau_LO_Pt140_280_CFilterBVeto,Z+jetsCFilterBVeto,tautau
407150,Background,10.637,0.14494,1.0,Sherpa_CT10_Ztautau_LO_Pt140_280_BFilter,Z+jetsBFilter,tautau
407151,Background,0.78053,0.59062,1.0,Sherpa_CT10_Ztautau_LO_Pt280_500_CVetoBVeto,Z+jetsCVetoBVeto,tautau
407152,Background,0.77827,0.25729,1.0,Sherpa_CT10_Ztautau_LO_Pt280_500_CFilterBVeto,Z+jetsCFilterBVeto,tautau
407153,Background,0.77906,0.15091,1.0,Sherpa_CT10_Ztautau_LO_Pt280_500_BFilter,Z+jetsBFilter,tautau
407154,Background,0.048623,0.5727,1.0,Sherpa_CT10_Ztautau_LO_Pt500_700_CVetoBVeto,Z+jetsCVetoBVeto,tautau
407155,Background,0.048541,0.27016,1.0,Sherpa_CT10_Ztautau_LO_Pt500_700_CFilterBVeto,Z+jetsCFilterBVeto,tautau
407156,Background,0.048655,0.15639,1.0,Sherpa_CT10_Ztautau_LO_Pt500_700_BFilter,Z+jetsBFilter,tautau
407157,Background,0.0087771,0.56491,1.0,Sherpa_CT10_Ztautau_LO_Pt700_1000_CVetoBVeto,Z+jetsCVetoBVeto,tautau
407158,Background,0.0087824,0.27658,1.0,Sherpa_CT10_Ztautau_LO_Pt700_1000_CFilterBVeto,Z+jetsCFilterBVeto,tautau
407159,Background,0.0087692,0.15973,1.0,Sherpa_CT10_Ztautau_LO_Pt700_1000_BFilter,Z+jetsBFilter,tautau
407160,Background,0.0011815,0.55312,1.0,Sherpa_CT10_Ztautau_LO_Pt1000_E_CMS_CVetoBVeto,Z+jetsCVetoBVeto,tautau
407161,Background,0.0011933,0.28704,1.0,Sherpa_CT10_Ztautau_LO_Pt1000_E_CMS_CFilterBVeto,Z+jetsCFilterBVeto,tautau
407162,Background,0.0011847,0.1642,1.0,Sherpa_CT10_Ztautau_LO_Pt1000_E_CMS_BFilter,Z+jetsBFilter,tautau
410000,Background,696.12,1.1949,0.543,PowhegPythiaEvtGen_P2012_ttbar_hdamp172p5_nonallhad,tops,ttbar_nonallhad
410009,Background,696.12,0.1053,1.0,PowhegPythiaEvtGen_P2012_ttbar_hdamp172p5_dil,tops,ttbar_dilep
410011,Background,43.739,1.0,1.0094,PowhegPythiaEvtGen_P2012_singletop_tchan_lept_top,tops,singlet
410012,Background,25.778,1.0,1.0193,PowhegPythiaEvtGen_P2012_singletop_tchan_lept_antitop,tops,singlet
410013,Background,34.009,1.0,1.054,PowhegPythiaEvtGen_P2012_Wt_inclusive_top,tops,tW
410014,Background,33.989,1.0,1.054,PowhegPythiaEvtGen_P2012_Wt_inclusive_antitop,tops,tW
410015,Background,3.5835,1.0,1.054,PowhegPythiaEvtGen_P2012_Wt_dilepton_top,tops,tWdilep
410016,Background,3.5814,1.0,1.054,PowhegPythiaEvtGen_P2012_Wt_dilepton_antitop,tops,tWdilep
410049,Background,0.0090636,1.0,1.0,MadGraphPythiaEvtGen_P2012_tZ_4fl_tchan_trilepton,tops,tZtrilep
410050,Background,0.24013,1.0,1.0,MadGraphPythiaEvtGen_P2012_tZ_4fl_tchan_noAllHad,tops,tZ
410062,Background,32.384,1.054,1.0,PowhegPythiaEvtGen_P2012_Wt_DS_inclusive_top,tops,tW_DS
410063,Background,32.357,1.054,1.0,PowhegPythiaEvtGen_P2012_Wt_DS_inclusive_antitop,tops,tW_DS
410066,Background,0.17656,1.247,1.0,MadGraphPythia8EvtGen_A14NNPDF23LO_ttW_Np0,tops,ttW
410067,Background,0.14062,1.247,1.0,MadGraphPythia8EvtGen_A14NNPDF23LO_ttW_Np1,tops,ttW
410068,Background,0.1368,1.247,1.0,MadGraphPythia8EvtGen_A14NNPDF23LO_ttW_Np2,tops,ttW
410069,Background,0.018103,1.0,1.0,MadGraphPythia8EvtGen_A14NNPDF23LO_ttZllonshell_Np0,tops,ttZllonshell
410070,Background,0.030629,1.0,1.0,MadGraphPythia8EvtGen_A14NNPDF23LO_ttZllonshell_Np1,tops,ttZllonshell
410073,Background,0.11122,1.2,1.0,MadGraphPythia8EvtGen_A14NNPDF23LO_ttZnnqq_Np0,tops,ttZnnqq
410074,Background,0.095466,1.2,1.0,MadGraphPythia8EvtGen_A14NNPDF23LO_ttZnnqq_Np1,tops,ttZnnqq
410075,Background,0.10512,1.2,1.0,MadGraphPythia8EvtGen_A14NNPDF23LO_ttZnnqq_Np2,tops,ttZnnqq
410080,Background,0.0091622,1.00423479077,1.0,MadGraphPythia8EvtGen_A14NNPDF23_4topSM,tops,4top
410081,Background,0.0080975,1.22309354739,1.0,MadGraphPythia8EvtGen_A14NNPDF23_ttbarWW,tops,ttWW
410111,Background,0.0088155,1.0,1.0,MadGraphPythia8EvtGen_A14NNPDF23LO_ttee_Np0,tops,ttee
410112,Background,0.01438,1.0,1.0,MadGraphPythia8EvtGen_A14NNPDF23LO_ttee_Np1,tops,ttee
410113,Background,0.0088422,1.0,1.0,MadGraphPythia8EvtGen_A14NNPDF23LO_ttmumu_Np0,tops,ttmumu
410114,Background,0.014375,1.0,1.0,MadGraphPythia8EvtGen_A14NNPDF23LO_ttmumu_Np1,tops,ttmumu
410115,Background,0.0090148,1.0,1.0,MadGraphPythia8EvtGen_A14NNPDF23LO_tttautau_Np0,tops,tttautau
410116,Background,0.014636,1.0,1.0,MadGraphPythia8EvtGen_A14NNPDF23LO_tttautau_Np1,tops,tttautau
410142,Background,0.11309,1.0,1.0,Sherpa_NNPDF30NNLO_ttll_mll5,tops,Sherpa_ttll
410143,Background,0.6881,1.0,1.0,Sherpa_NNPDF30NNLO_ttZnnqq,tops,Sherpa_ttZ
410144,Background,0.57729,1.0,1.0,Sherpa_NNPDF30NNLO_ttW,tops,Sherpa_ttW
